{
  "name": "ionic-service-push",
  "version": "0.1.13",
  "homepage": "http://ionic.io",
  "authors": [
    "Max Lynch <max@ionicframework.com>",
    "William Pelrine <rudy@drifty.com>"
  ],
  "description": "Ionic Mobile Platform Push Notifications client",
  "main": "ionic-push.js",
  "license": "Apache2",
  "ignore": [
    "**/.*",
    "node_modules",
    "bower_components",
    "test",
    "tests"
  ],
  "dependencies": {
    "ionic-service-core": " >= 0.1.9"
  },
  "_release": "0.1.13",
  "_resolution": {
    "type": "version",
    "tag": "v0.1.13",
    "commit": "9282282f71f55e6d0e2520e5460fb669a139b171"
  },
  "_source": "git://github.com/driftyco/ionic-service-push-client.git",
  "_target": "~0.1.13",
  "_originalSource": "ionic-service-push",
  "_direct": true
}